{
  "_preview_last": {
    "mexc::HUMA/USDT:USDT::LONG": 1766826193.207107,
    "mexc::IDEX/USDT:USDT::LONG": 1766811961.391296,
    "mexc::MAMO/USDT:USDT::LONG": 1766810136.376276,
    "mexc::QNT/USDT:USDT::LONG": 1767128839.547877,
    "mexc::RBNT/USDT:USDT::LONG": 1766847660.991442,
    "mexc::CARV/USDT:USDT::LONG": 1766887253.7072608,
    "mexc::SOPH/USDT:USDT::LONG": 1766865844.998902,
    "mexc::USDC/USDT:USDT::LONG": 1766822500.996396,
    "mexc::VTHO/USDT:USDT::LONG": 1766869504.783145,
    "mexc::FLOW/USDT:USDT::LONG": 1766833356.369631,
    "mexc::AERGO/USDT:USDT::LONG": 1766840511.463008,
    "mexc::BIT/USDT:USDT::LONG": 1766844074.12116,
    "mexc::DMC/USDT:USDT::LONG": 1766840511.463009,
    "mexc::RUSSELL/USDT:USDT::LONG": 1766847660.9914398,
    "mexc::B/USDT:USDT::LONG": 1766851267.5586848,
    "mexc::IN/USDT:USDT::LONG": 1766894667.581832,
    "mexc::MILK/USDT:USDT::LONG": 1766854897.5783339,
    "mexc::TRY/USDT:USDT::LONG": 1766894667.581834,
    "mexc::MERL/USDT:USDT::LONG": 1767045781.732379,
    "mexc::PTB/USDT:USDT::LONG": 1766963113.098208,
    "mexc::DOOD/USDT:USDT::LONG": 1766898379.8361611,
    "mexc::YZY/USDT:USDT::LONG": 1766898379.8361669,
    "mexc::RAVE/USDT:USDT::LONG": 1766977490.726597,
    "mexc::LRC/USDT:USDT::LONG": 1767196935.292298,
    "mexc::SOONNETWORK/USDT:USDT::LONG": 1767034806.245383,
    "mexc::BSV/USDT:USDT::LONG": 1767045781.732384,
    "mexc::HOME/USDT:USDT::LONG": 1766973924.189402,
    "mexc::ZBCN/USDT:USDT::LONG": 1767034806.245385,
    "mexc::ARCSOL/USDT:USDT::LONG": 1767150288.4202602,
    "mexc::WIF/USDT:USDT::LONG": 1767182511.8212411,
    "mexc::FF/USDT:USDT::LONG": 1767121328.343202,
    "mexc::BAS/USDT:USDT::LONG": 1767103319.0259662,
    "mexc::EGLD/USDT:USDT::LONG": 1767056654.6777458,
    "mexc::PAXG/USDT:USDT::LONG": 1767049314.4847932,
    "mexc::XAUT/USDT:USDT::LONG": 1767049314.4847932,
    "mexc::1INCH/USDT:USDT::LONG": 1767261988.264975,
    "mexc::ICP/USDT:USDT::LONG": 1767186071.0949602,
    "mexc::CORE/USDT:USDT::LONG": 1767070977.208648,
    "mexc::LQTY/USDT:USDT::LONG": 1767053032.4892428,
    "mexc::METIS/USDT:USDT::LONG": 1767157527.828057,
    "mexc::AIOZ/USDT:USDT::LONG": 1767081685.859275,
    "mexc::AERO/USDT:USDT::LONG": 1767218513.240736,
    "mexc::BOME/USDT:USDT::LONG": 1767143041.13249,
    "mexc::EIGEN/USDT:USDT::LONG": 1767153915.681134,
    "mexc::GRASS/USDT:USDT::LONG": 1767143041.132492,
    "mexc::USTC/USDT:USDT::LONG": 1767135881.195055,
    "mexc::ANIME/USDT:USDT::LONG": 1767189659.29938,
    "mexc::LUNC/USDT:USDT::LONG": 1767124860.6743932,
    "mexc::BB/USDT:USDT::LONG": 1767085668.9563599,
    "mexc::LUNANEW/USDT:USDT::LONG": 1767121328.343206,
    "mexc::JELLYJELLY/USDT:USDT::LONG": 1767110604.893236,
    "mexc::MNT/USDT:USDT::LONG": 1767132361.672277,
    "mexc::QCOMSTOCK/USDT:USDT::LONG": 1767279761.1340532,
    "mexc::ZORA/USDT:USDT::LONG": 1767161154.61862,
    "mexc::SKY/USDT:USDT::LONG": 1767161154.618619,
    "mexc::BRETT/USDT:USDT::LONG": 1767171851.794048,
    "mexc::GALA/USDT:USDT::LONG": 1767178941.175828,
    "mexc::MOODENG/USDT:USDT::LONG": 1767182511.821239,
    "mexc::ACT/USDT:USDT::LONG": 1767319521.903148,
    "mexc::PIPPIN/USDT:USDT::LONG": 1767189659.299378,
    "mexc::FLOCK/USDT:USDT::LONG": 1767196935.292297,
    "mexc::IRYS/USDT:USDT::LONG": 1767193321.496796,
    "mexc::MSTRSTOCK/USDT:USDT::LONG": 1767196935.292299,
    "mexc::AAVE/USDT:USDT::LONG": 1767214916.4225018,
    "mexc::ADA/USDT:USDT::LONG": 1767214916.422504,
    "mexc::AXS/USDT:USDT::LONG": 1767204126.983211,
    "mexc::1000BONK/USDT:USDT::LONG": 1767243654.989874,
    "mexc::AKT/USDT:USDT::LONG": 1767250834.008779,
    "mexc::ATH/USDT:USDT::LONG": 1767247260.319251,
    "mexc::ESPORTS/USDT:USDT::LONG": 1767261988.264972,
    "mexc::CRV/USDT:USDT::LONG": 1767232858.555938,
    "mexc::AAPLSTOCK/USDT:USDT::LONG": 1767319521.90315,
    "mexc::TRUMPOFFICIAL/USDT:USDT::LONG": 1767276197.485645,
    "mexc::VELO/USDT:USDT::LONG": 1767254429.413971,
    "mexc::POL/USDT:USDT::LONG": 1767258442.72288,
    "mexc::COMP/USDT:USDT::LONG": 1767265533.2684228,
    "mexc::XMR/USDT:USDT::LONG": 1767319521.9031491,
    "mexc::RESOLV/USDT:USDT::LONG": 1767286837.10625,
    "mexc::HYPE/USDT:USDT::LONG": 1767312340.149138,
    "mexc::STORJ/USDT:USDT::LONG": 1767312340.149139,
    "okx::ACT/USDT:USDT::LONG": 1768417512.17921,
    "okx::ENSO/USDT:USDT::LONG": 1767328393.127362,
    "okx::PIPPIN/USDT:USDT::LONG": 1767361434.665331,
    "okx::AVNT/USDT:USDT::LONG": 1767787293.618651,
    "okx::CATI/USDT:USDT::LONG": 1768424544.452887,
    "okx::MERL/USDT:USDT::LONG": 1767668650.7388601,
    "okx::WCT/USDT:USDT::LONG": 1767578489.428928,
    "okx::ANIME/USDT:USDT::LONG": 1767625290.257062,
    "okx::ACE/USDT:USDT::LONG": 1768550659.358359,
    "okx::AT/USDT:USDT::LONG": 1768417512.179216,
    "okx::APR/USDT:USDT::LONG": 1767690185.52244,
    "okx::H/USDT:USDT::LONG": 1767715601.317774,
    "okx::NIGHT/USDT:USDT::LONG": 1767675620.400386,
    "okx::CC/USDT:USDT::LONG": 1767744190.179009,
    "okx::0G/USDT:USDT::LONG": 1768539860.75856,
    "okx::BEAT/USDT:USDT::LONG": 1768439049.2161028,
    "okx::BREV/USDT:USDT::LONG": 1768439049.216106,
    "okx::2Z/USDT:USDT::LONG": 1768266286.447695,
    "okx::1INCH/USDT:USDT::LONG": 1768273230.7574039,
    "okx::AIXBT/USDT:USDT::LONG": 1768496661.5406778,
    "okx::ADA/USD:ADA::LONG": 1768129342.155632,
    "okx::AERO/USDT:USDT::LONG": 1768136573.515028,
    "okx::A/USDT:USDT::LONG": 1768550659.358352,
    "okx::ADA/USDT:USDT::LONG": 1768258947.036176,
    "okx::AEVO/USDT:USDT::LONG": 1768550659.358361,
    "okx::API3/USDT:USDT::LONG": 1768485630.2482922,
    "okx::BABY/USDT:USDT::LONG": 1768485630.2482939,
    "okx::FLOW/USDT:USDT::LONG": 1768388674.456634,
    "okx::GPS/USDT:USDT::LONG": 1768420843.6163468,
    "okx::GRASS/USDT:USDT::LONG": 1768381270.303576,
    "okx::BARD/USDT:USDT::LONG": 1768413802.152668,
    "okx::ALLO/USDT:USDT::LONG": 1768489570.6096761
  },
  "scanned_count": 1084051,
  "paper_balance": 1000.0,
  "last_daily_pnl": "2026-01-16",
  "signals_sent_this_hour": 3,
  "last_signal_hour": "2026-01-16-08"
}